<?xml version="1.0" encoding="UTF-8"?>

<CVehicleModelInfoVarGlobal>
  <PriceGroups>
    <PriceGroup>                <!--Metallic-->
      <Primary>650</Primary>
      <Secondary>375</Secondary>
    </PriceGroup>
    <PriceGroup>                <!--Classic-->
      <Primary>400</Primary>
      <Secondary>200</Secondary>
    </PriceGroup>
    <PriceGroup>                <!--Matte-->
      <Primary>1000</Primary>
      <Secondary>500</Secondary>
    </PriceGroup>
    <PriceGroup>                <!--Metals-->
      <Primary>900</Primary>
      <Secondary>450</Secondary>
    </PriceGroup>
    <PriceGroup>                <!--Chrome-->
      <Primary>1200</Primary>
      <Secondary>600</Secondary>
    </PriceGroup>
  </PriceGroups>
  <Colors>
    <Group>
      <index value="0"/>
      <name value="StandardColoursKey"/>
      <Item>
          <!--MetalsGroup-->
          <colorName>BrushedBlackSteelKey</colorName>
          <color value="0xFF242A2D" />
          <audioPrefixHash value="0" />
          <colorType value="3"/>
          <mp_i_price value="11500"/>
      </Item>
      <Item>
          <!--MetallicGroup-->
          <colorName>BlackGraphiteKey</colorName>
          <color value="0xFF0F0F0F" />
          <colorType value="0"/>
          <mp_i_price value="1350"/>
      </Item>
      <Item>
          <!--ClassicGroup-->
          <colorName>ChocolateBrownKey</colorName>
          <color value="0xFF3F2D18" />
          <colorType value="1"/>
          <mp_i_price value="9050"/>
      </Item>
      <Item>
          <!--MetallicGroup-->
          <colorName>MetallicPurpleKey</colorName>
          <color value="0xFF320642" />       
          <colorType value="0"/>
          <mp_i_price value="7500"/>
      </Item>
      <Item>
          <!--MetallicGroup-->
          <colorName>HotPinkKey</colorName>
          <color value="0xFFB01259" />
          <colorType value="0"/>
          <mp_i_price value="15000"/>
      </Item>
      <Item>
          <!--MetallicGroup-->
          <colorName>FormulaRedKey</colorName>
          <color value="0xFF6B0000" />        
          <colorType value="0"/>
          <mp_i_price value="8890"/>
      </Item>
      <Item>
          <!--MetallicGroup-->
           <colorName>MetallicBlueKey</colorName>
          <color value="0xFF001B57" />
          <colorType value="0"/>
          <mp_i_price value="1430"/>
      </Item>
      <Item>
          <!--ClassicGroup-->
          <colorName>UltraBlueKey</colorName>
          <color value="0xFF2070D8" />        
          <colorType value="1"/>
          <mp_i_price value="11000"/>
      </Item>
      <Item>
          <!--ClassicGroup-->
          <colorName>RacingGreenKey</colorName>
          <color value="0xFF00441B" />          
          <colorType value="1"/>
          <mp_i_price value="8400"/>
      </Item>
      <Item>
          <!--MatteGroup-->
          <colorName>LimeGreenKey</colorName>
          <color value="0xFF418503" />
          <colorType value="2"/>
          <mp_i_price value="17500"/>
      </Item>
      <Item>
          <!--ClassicGroup-->
          <colorName>RaceYellowKey</colorName>
          <color value="0xFFD9A600" /> 
          <colorType value="1"/>
          <mp_i_price value="9200"/>
      </Item>
      <Item>
          <!--ClassicGroup-->
          <colorName>ClassicOrangeKey</colorName>
          <color value="0xFFBD4800" /> 
          <colorType value="1"/>
          <mp_i_price value="4500"/>
      </Item>
      <Item>
          <!--MetallicGroup-->
          <colorName>MetallicGoldKey</colorName>
          <color value="0xFFAD7B47" />      
          <colorType value="0"/>
          <mp_i_price value="1650"/>
      </Item>
      <Item>
          <!--MetallicGroup-->
          <colorName>MetallicSilverKey</colorName>
          <color value="0xFF5A5E66" />
          <colorType value="0"/>
          <mp_i_price value="1370"/>
      </Item>
      <Item>       
          <!--ChromeGroup-->
          <colorName>ChromeKey</colorName>
          <color value="0xFF808C8C" />
          <colorType value="4"/>
          <mp_i_price value="25000"/>
      </Item>      
      <Item>
          <!--ClassicGroup-->
          <colorName>ClassicWhiteKey</colorName>
          <color value="0xFFF0F0F0" />
          <colorType value="1"/>
          <mp_i_price value="870"/>
      </Item>
    </Group>
    <Group>
      <index value="1"/>
      <name value="MetallicColoursKey"/>
      <Item>
          <colorName>BLACK</colorName>
          <color value="0xFF080808"/>
          <colorType value="0"/>
          <mp_i_price value="1400"/>
      </Item>
      <Item>
          <colorName>GRAPHITE</colorName>
          <color value="0xFF0F0F0F"/>
          <colorType value="0"/>
          <mp_i_price value="1320"/>
      </Item>
      <Item>
          <colorName>ANTHR_BLACK</colorName>
          <color value="0xFF121110"/>
          <colorType value="0"/>
          <mp_i_price value="1380"/>
      </Item>
      <Item>
          <colorName>BLACK_STEEL</colorName>
          <color value="0xFF1C1E21"/>
          <colorType value="0"/>
          <mp_i_price value="1440"/>
      </Item>
      <Item>
          <colorName>DARK_SILVER</colorName>
          <color value="0xFF292C2E"/>
          <colorType value="0"/>
          <mp_i_price value="1300"/>
      </Item>
      <Item>
          <colorName>BLUE_SILVER</colorName>
          <color value="0xFF777C87"/>
          <colorType value="0"/>
          <mp_i_price value="1340"/>
      </Item>
      <Item>
          <colorName>ROLLED_STEEL</colorName>
          <color value="0xFF515459"/>
          <colorType value="0"/>
          <mp_i_price value="1300"/>
      </Item>
      <Item>
          <colorName>SHADOW_SILVER</colorName>
          <color value="0xFF323B47"/>
          <colorType value="0"/>
          <mp_i_price value="1430"/>
      </Item>
      <Item>
          <colorName>STONE_SILVER</colorName>
          <color value="0xFF333333"/>
          <colorType value="0"/>
          <mp_i_price value="1450"/>
      </Item>
      <Item>
          <colorName>MIDNIGHT_SILVER</colorName>
          <color value="0xFF1F2226"/>
          <colorType value="0"/>
          <mp_i_price value="1500"/>
      </Item>
      <Item>
          <colorName>CAST_IRON_SIL</colorName>
          <color value="0xFF23292E"/>
          <colorType value="0"/>
          <mp_i_price value="1470"/>
      </Item>
      <Item>
          <colorName>RED</colorName>
          <color value="0xFF690000"/>
          <colorType value="0"/>
          <mp_i_price value="1530"/>
      </Item>
      <Item>
          <colorName>TORINO_RED</colorName>
          <color value="0xFF8A0B00"/>
          <colorType value="0"/>
          <mp_i_price value="9260"/>
      </Item>
      <Item>
          <colorName>LAVA_RED</colorName>
          <color value="0xFF6B0B00"/>
          <colorType value="0"/>
          <mp_i_price value="14500"/>
      </Item>
      <Item>
          <colorName>BLAZE_RED</colorName>
          <color value="0xFF611009"/>
          <colorType value="0"/>
          <mp_i_price value="5000"/>
      </Item>
      <Item>
          <colorName>GRACE_RED</colorName>
          <color value="0xFF4A0A0A"/>
          <colorType value="0"/>
          <mp_i_price value="1590"/>
      </Item>
      <Item>
          <colorName>GARNET_RED</colorName>
          <color value="0xFF470E0E"/>
          <colorType value="0"/>
          <mp_i_price value="1480"/>
      </Item>
      <Item>
          <colorName>SUNSET_RED</colorName>
          <color value="0xFF380C00"/>
          <colorType value="0"/>
          <mp_i_price value="13250"/>
      </Item>
      <Item>
          <colorName>CABERNET_RED</colorName>
          <color value="0xFF26030B"/>
          <colorType value="0"/>
          <mp_i_price value="12000"/>
      </Item>
      <Item>
          <colorName>WINE_RED</colorName>
          <color value="0xFF080000"/>
          <colorType value="0"/>
          <mp_i_price value="13000"/>
      </Item>
      <Item>
          <colorName>CANDY_RED</colorName>
          <color value="0xFF630012"/>
          <colorType value="0"/>
          <mp_i_price value="14750"/>
      </Item>
      <Item>
          <colorName>PINK</colorName>
          <color value="0xFF8F2F55"/>
          <colorType value="0"/>
          <mp_i_price value="13750"/>
      </Item>
      <Item>
          <colorName>SALMON_PINK</colorName>
          <color value="0xFFF69799"/>
          <colorType value="0"/>
          <mp_i_price value="13000"/>
      </Item>
      <Item>
          <colorName>SUNRISE_ORANGE</colorName>
          <color value="0xFF802800"/>
          <colorType value="0"/>
          <mp_i_price value="11000"/>
      </Item>
      <Item>
          <colorName>ORANGE</colorName>
          <color value="0xFFBD4800"/>
          <colorType value="0"/>
          <mp_i_price value="7500"/>
      </Item>
      <Item>
          <colorName>BRIGHT_ORANGE</colorName>
          <color value="0xFFC26610"/>
          <colorType value="0"/>
          <mp_i_price value="9000"/>
      </Item>
      <Item>
          <colorName>BRONZE</colorName>
          <color value="0xFF4A341B"/>
          <colorType value="0"/>
          <mp_i_price value="1550"/>
      </Item>
      <Item>
          <colorName>YELLOW</colorName>
          <color value="0xFFF5890F"/>
          <colorType value="0"/>
          <mp_i_price value="8500"/>
      </Item>
      <Item>
          <colorName>RACE_YELLOW</colorName>
          <color value="0xFFD9A600"/>
          <colorType value="0"/>
          <mp_i_price value="11500"/>
      </Item>
      <Item>
          <colorName>FLUR_YELLOW</colorName>
          <color value="0xFFA2A827"/>
          <colorType value="0"/>
          <mp_i_price value="12000"/>
      </Item>
      <Item>
          <colorName>DARK_GREEN</colorName>
          <color value="0xFF001207"/>
          <colorType value="0"/>
          <mp_i_price value="1450"/>
      </Item>
      <Item>
          <colorName>RACING_GREEN</colorName>
          <color value="0xFF001A0B"/>
          <colorType value="0"/>
          <mp_i_price value="10500"/>
      </Item>
      <Item>
          <colorName>SEA_GREEN</colorName>
          <color value="0xFF00211E"/>
          <colorType value="0"/>
          <mp_i_price value="1580"/>
      </Item>
      <Item>
          <colorName>OLIVE_GREEN</colorName>
          <color value="0xFF1F261E"/>
          <colorType value="0"/>
          <mp_i_price value="1420"/>
      </Item>
      <Item>
          <colorName>BRIGHT_GREEN</colorName>
          <color value="0xFF003805"/>
          <colorType value="0"/>
          <mp_i_price value="12000"/>
      </Item>
      <Item>
          <colorName>PETROL_GREEN</colorName>
          <color value="0xFF0B4145"/>
          <colorType value="0"/>
          <mp_i_price value="13000"/>
      </Item>
      <Item>
          <colorName>LIME_GREEN</colorName>
          <color value="0xFF568F00"/>
          <colorType value="0"/>
          <mp_i_price value="15000"/>
      </Item>
      <Item>
          <colorName>MIDNIGHT_BLUE</colorName>
          <color value="0xFF000108"/>
          <colorType value="0"/>
          <mp_i_price value="12250"/>
      </Item>
      <Item>
          <colorName>GALAXY_BLUE</colorName>
          <color value="0xFF000D14"/>
          <colorType value="0"/>
          <mp_i_price value="1690"/>
      </Item>
      <Item>
          <colorName>DARK_BLUE</colorName>
          <color value="0xFF001029"/>
          <colorType value="0"/>
          <mp_i_price value="1550"/>
      </Item>
      <Item>
          <colorName>SAXON_BLUE</colorName>
          <color value="0xFF1C2F4F"/>
          <colorType value="0"/>
          <mp_i_price value="1500"/>
      </Item>
      <Item>
          <colorName>MARINER_BLUE</colorName>
          <color value="0xFF3B4E78"/>
          <colorType value="0"/>
          <mp_i_price value="1450"/>
      </Item>
      <Item>
          <colorName>HARBOR_BLUE</colorName>
          <color value="0xFF272D3B"/>
          <colorType value="0"/>
          <mp_i_price value="1400"/>
      </Item>
      <Item>
          <colorName>DIAMOND_BLUE</colorName>
          <color value="0xFF95B2DB"/>
          <colorType value="0"/>
          <mp_i_price value="10890"/>
      </Item>
      <Item>
          <colorName>SURF_BLUE</colorName>
          <color value="0xFF3E627A"/>
          <colorType value="0"/>
          <mp_i_price value="1530"/>
      </Item>
      <Item>
          <colorName>NAUTICAL_BLUE</colorName>
          <color value="0xFF1C3140"/>
          <colorType value="0"/>
          <mp_i_price value="1480"/>
      </Item>
      <Item>
          <colorName>RACING_BLUE</colorName>
          <color value="0xFF0E316D"/>
          <colorType value="0"/>
          <mp_i_price value="7500"/>
      </Item>
      <Item>
          <colorName>ULTRA_BLUE</colorName>
          <color value="0xFF0055C4"/>
          <colorType value="0"/>
          <mp_i_price value="13750"/>
      </Item>
      <Item>
          <colorName>LIGHT_BLUE</colorName>
          <color value="0xFF395A83"/>
          <colorType value="0"/>
          <mp_i_price value="1350"/>
      </Item>
      <Item>
          <colorName>CHOCOLATE_BROWN</colorName>
          <color value="0xFF120D07"/>
          <colorType value="0"/>
          <mp_i_price value="11250"/>
      </Item>
      <Item>
          <colorName>BISON_BROWN</colorName>
          <color value="0xFF221918"/>
          <colorType value="0"/>
          <mp_i_price value="10000"/>
      </Item>
      <Item>
          <colorName>CREEK_BROWN</colorName>
          <color value="0xFF262117"/>
          <colorType value="0"/>
          <mp_i_price value="1300"/>
      </Item>
      <Item>
          <colorName>UMBER_BROWN</colorName>
          <color value="0xFF291B06"/>
          <colorType value="0"/>
          <mp_i_price value="1350"/>
      </Item>
      <Item>
          <colorName>MAPLE_BROWN</colorName>
          <color value="0xFF332111"/>
          <colorType value="0"/>
          <mp_i_price value="1420"/>
      </Item>
      <Item>
          <colorName>BEECHWOOD_BROWN</colorName>
          <color value="0xFF241309"/>
          <colorType value="0"/>
          <mp_i_price value="1500"/>
      </Item>
      <Item>
          <colorName>SIENNA_BROWN</colorName>
          <color value="0xFF3B1700"/>
          <colorType value="0"/>
          <mp_i_price value="1530"/>
      </Item>
      <Item>
          <colorName>SADDLE_BROWN</colorName>
          <color value="0xFF3D3023"/>
          <colorType value="0"/>
          <mp_i_price value="1380"/>
      </Item>
      <Item>
          <colorName>MOSS_BROWN</colorName>
          <color value="0xFF37382B"/>
          <colorType value="0"/>
          <mp_i_price value="1430"/>
      </Item>
      <Item>
          <colorName>WOODBEECH_BROWN</colorName>
          <color value="0xFF575036"/>
          <colorType value="0"/>
          <mp_i_price value="1500"/>
      </Item>
      <Item>
          <colorName>STRAW_BROWN</colorName>
          <color value="0xFF5E5343"/>
          <colorType value="0"/>
          <mp_i_price value="1470"/>
      </Item>
      <Item>
          <colorName>SANDY_BROWN</colorName>
          <color value="0xFF6E6246"/>
          <colorType value="0"/>
          <mp_i_price value="1450"/>
      </Item>
      <Item>
          <colorName>BLEECHED_BROWN</colorName>
          <color value="0xFB998D73"/>
          <colorType value="0"/>
          <mp_i_price value="1300"/>
      </Item>
      <Item>
          <colorName>SPIN_PURPLE</colorName>
          <color value="0xFF161629"/>
          <colorType value="0"/>
          <mp_i_price value="14250"/>
      </Item>
      <Item>
          <colorName>MIGHT_PURPLE</colorName>
          <color value="0xFF00080F"/>
          <colorType value="0"/>
          <mp_i_price value="13750"/>
      </Item>
      <Item>
          <colorName>BRIGHT_PURPLE</colorName>
          <color value="0xFF320642"/>
          <colorType value="0"/>
          <mp_i_price value="15000"/>
      </Item>
      <Item>
          <colorName>CREAM</colorName>
          <color value="0xFFCFC0A5"/>
          <colorType value="0"/>
          <mp_i_price value="1300"/>
      </Item>
      <Item>
          <colorName>WHITE</colorName>
          <color value="0xFFF0F0F0"/>
          <colorType value="0"/>
          <mp_i_price value="1350"/>
      </Item>
      <Item>
          <colorName>FROST_WHITE</colorName>
          <color value="0xFFB3B9C9"/>
          <colorType value="0"/>
          <mp_i_price value="1450"/>
      </Item>
    </Group>
    <Group>
      <index value="2"/>
      <name value="ClassicColoursKey"/>
      <!-- CLASSIC -->
      <Item>
          <colorName>BLACK</colorName>
          <color value="0xFF080808"/>
          <colorType value="1"/>
          <mp_i_price value="840"/>
      </Item>
      <Item>
          <colorName>BLACK_GRAPHITE</colorName>
          <color value="0xFF080808"/>
          <colorType value="1"/>
          <mp_i_price value="810"/>
      </Item>
      <Item>
          <colorName>GRAPHITE</colorName>
          <color value="0xFF0F0F0F"/>
          <colorType value="1"/>
          <mp_i_price value="790"/>
      </Item>
      <Item>
          <colorName>ANTHR_BLACK</colorName>
          <color value="0xFF121110"/>
          <colorType value="1"/>
          <mp_i_price value="830"/>
      </Item>
      <Item>
          <colorName>BLACK_STEEL</colorName>
          <color value="0xFF1C1E21"/>
          <colorType value="1"/>
          <mp_i_price value="860"/>
      </Item>
      <Item>
          <colorName>DARK_SILVER</colorName>
          <color value="0xFF292C2E"/>
          <colorType value="1"/>
          <mp_i_price value="780"/>
      </Item>
      <Item>
          <colorName>SILVER</colorName>
          <color value="0xFF5A5E66"/>
          <colorType value="1"/>
          <mp_i_price value="820"/>
      </Item>
      <Item>
          <colorName>BLUE_SILVER</colorName>
          <color value="0xFF777C87"/>
          <colorType value="1"/>
          <mp_i_price value="800"/>
      </Item>
      <Item>
          <colorName>ROLLED_STEEL</colorName>
          <color value="0xFF515459"/>
          <colorType value="1"/>
          <mp_i_price value="780"/>
      </Item>
      <Item>
          <colorName>SHADOW_SILVER</colorName>
          <color value="0xFF323B47"/>
          <colorType value="1"/>
          <mp_i_price value="860"/>
      </Item>
      <Item>
          <colorName>STONE_SILVER</colorName>
          <color value="0xFF333333"/>
          <colorType value="1"/>
          <mp_i_price value="870"/>
      </Item>
      <Item>
          <colorName>MIDNIGHT_SILVER</colorName>
          <color value="0xFF1F2226"/>
          <colorType value="1"/>
          <mp_i_price value="900"/>
      </Item>
      <Item>
          <colorName>CAST_IRON_SIL</colorName>
          <color value="0xFF23292E"/>
          <colorType value="1"/>
          <mp_i_price value="880"/>
      </Item>
      <Item>
          <colorName>RED</colorName>
          <color value="0xFF690000"/>
          <colorType value="1"/>
          <mp_i_price value="920"/>
      </Item>
      <Item>
          <colorName>TORINO_RED</colorName>
          <color value="0xFF8A0B00"/>
          <colorType value="1"/>
          <mp_i_price value="5600"/>
      </Item>
      <Item>
          <colorName>FORMULA_RED</colorName>
          <color value="0xFF6B0000"/>
          <colorType value="1"/>
          <mp_i_price value="5200"/>
      </Item>
      <Item>
          <colorName>LAVA_RED</colorName>
          <color value="0xFF6B0B00"/>
          <colorType value="1"/>
          <mp_i_price value="11600"/>
      </Item>
      <Item>
          <colorName>BLAZE_RED</colorName>
          <color value="0xFF611009"/>
          <colorType value="1"/>
          <mp_i_price value="3800"/>
      </Item>
      <Item>
          <colorName>GRACE_RED</colorName>
          <color value="0xFF4A0A0A"/>
          <colorType value="1"/>
          <mp_i_price value="950"/>
      </Item>
      <Item>
          <colorName>GARNET_RED</colorName>
          <color value="0xFF470E0E"/>
          <colorType value="1"/>
          <mp_i_price value="890"/>
      </Item>
      <Item>
          <colorName>SUNSET_RED</colorName>
          <color value="0xFF380C00"/>
          <colorType value="1"/>
          <mp_i_price value="10600"/>
      </Item>
      <Item>
          <colorName>CABERNET_RED</colorName>
          <color value="0xFF26030B"/>
          <colorType value="1"/>
          <mp_i_price value="9600"/>
      </Item>
      <Item>
          <colorName>WINE_RED</colorName>
          <color value="0xFF080000"/>
          <colorType value="1"/>
          <mp_i_price value="10400"/>
      </Item>
      <Item>
          <colorName>CANDY_RED</colorName>
          <color value="0xFF630012"/>
          <colorType value="1"/>
          <mp_i_price value="12150"/>
      </Item>
      <Item>
          <colorName>HOT PINK</colorName>
          <color value="0xFFB01259"/>
          <colorType value="1"/>
          <mp_i_price value="12500"/>
      </Item>
      <Item>
          <colorName>PINK</colorName>
          <color value="0xFF8F2F55"/>
          <colorType value="1"/>
          <mp_i_price value="11000"/>
      </Item>
      <Item>
          <colorName>SALMON_PINK</colorName>
          <color value="0xFFF69799"/>
          <colorType value="1"/>
          <mp_i_price value="10400"/>
      </Item>
      <Item>
          <colorName>SUNRISE_ORANGE</colorName>
          <color value="0xFF802800"/>
          <colorType value="1"/>
          <mp_i_price value="8800"/>
      </Item>
      <Item>
          <colorName>BRIGHT_ORANGE</colorName>
          <color value="0xFFC26610"/>
          <colorType value="1"/>
          <mp_i_price value="5400"/>
      </Item>
      <Item>
          <colorName>GOLD</colorName>
          <color value="0xFF5E5343"/>
          <colorType value="1"/>
          <mp_i_price value="990"/>
      </Item>
      <Item>
          <colorName>BRONZE</colorName>
          <color value="0xFF4A341B"/>
          <colorType value="1"/>
          <mp_i_price value="930"/>
      </Item>
      <Item>
          <colorName>YELLOW</colorName>
          <color value="0xFFF5890F"/>
          <colorType value="1"/>
          <mp_i_price value="5100"/>
      </Item>
      <Item>
          <colorName>FLUR_YELLOW</colorName>
          <color value="0xFFA2A827"/>
          <colorType value="1"/>
          <mp_i_price value="9600"/>
      </Item>
      <Item>
          <colorName>DARK_GREEN</colorName>
          <color value="0xFF001207"/>
          <colorType value="1"/>
          <mp_i_price value="870"/>
      </Item>      
      <Item>
          <colorName>SEA_GREEN</colorName>
          <color value="0xFF00211E"/>
          <colorType value="1"/>
          <mp_i_price value="950"/>
      </Item>
      <Item>
          <colorName>OLIVE_GREEN</colorName>
          <color value="0xFF1F261E"/>
          <colorType value="1"/>
          <mp_i_price value="850"/>
      </Item>
      <Item>
          <colorName>BRIGHT_GREEN</colorName>
          <color value="0xFF003805"/>
          <colorType value="1"/>
          <mp_i_price value="9600"/>
      </Item>
      <Item>
          <colorName>PETROL_GREEN</colorName>
          <color value="0xFF0B4145"/>
          <colorType value="1"/>
          <mp_i_price value="10400"/>
      </Item>
      <Item>
          <colorName>LIME_GREEN</colorName>
          <color value="0xFF568F00"/>
          <colorType value="1"/>
          <mp_i_price value="12500"/>
      </Item>
      <Item>
          <colorName>MIDNIGHT_BLUE</colorName>
          <color value="0xFF000108"/>
          <colorType value="1"/>
          <mp_i_price value="9800"/>
      </Item>
      <Item>
          <colorName>GALAXY_BLUE</colorName>
          <color value="0xFF000D14"/>
          <colorType value="1"/>
          <mp_i_price value="1010"/>
      </Item>
      <Item>
          <colorName>DARK_BLUE</colorName>
          <color value="0xFF001029"/>
          <colorType value="1"/>
          <mp_i_price value="930"/>
      </Item>
      <Item>
          <colorName>SAXON_BLUE</colorName>
          <color value="0xFF1C2F4F"/>
          <colorType value="1"/>
          <mp_i_price value="900"/>
      </Item>
      <Item>
          <colorName>BLUE</colorName>
          <color value="0xFF001B57"/>
          <colorType value="1"/>
          <mp_i_price value="860"/>
      </Item>
      <Item>
          <colorName>MARINER_BLUE</colorName>
          <color value="0xFF3B4E78"/>
          <colorType value="1"/>
          <mp_i_price value="870"/>
      </Item>
      <Item>
          <colorName>HARBOR_BLUE</colorName>
          <color value="0xFF272D3B"/>
          <colorType value="1"/>
          <mp_i_price value="840"/>
      </Item>
      <Item>
          <colorName>DIAMOND_BLUE</colorName>
          <color value="0xFF95B2DB"/>
          <colorType value="1"/>
          <mp_i_price value="8650"/>
      </Item>
      <Item>
          <colorName>SURF_BLUE</colorName>
          <color value="0xFF3E627A"/>
          <colorType value="1"/>
          <mp_i_price value="920"/>
      </Item>
      <Item>
          <colorName>NAUTICAL_BLUE</colorName>
          <color value="0xFF1C3140"/>
          <colorType value="1"/>
          <mp_i_price value="890"/>
      </Item>
      <Item>
          <colorName>RACING_BLUE</colorName>
          <color value="0xFF0E316D"/>
          <colorType value="1"/>
          <mp_i_price value="4500"/>
      </Item>
      <Item>
          <colorName>LIGHT_BLUE</colorName>
          <color value="0xFF395A83"/>
          <colorType value="1"/>
          <mp_i_price value="810"/>
      </Item>
      <Item>
          <colorName>BISON_BROWN</colorName>
          <color value="0xFF221918"/>
          <colorType value="1"/>
          <mp_i_price value="8000"/>
      </Item>
      <Item>
          <colorName>CREEK_BROWN</colorName>
          <color value="0xFF262117"/>
          <colorType value="1"/>
          <mp_i_price value="780"/>
      </Item>
      <Item>
          <colorName>UMBER_BROWN</colorName>
          <color value="0xFF291B06"/>
          <colorType value="1"/>
          <mp_i_price value="810"/>
      </Item>
      <Item>
          <colorName>MAPLE_BROWN</colorName>
          <color value="0xFF332111"/>
          <colorType value="1"/>
          <mp_i_price value="850"/>
      </Item>
      <Item>
          <colorName>BEECHWOOD_BROWN</colorName>
          <color value="0xFF241309"/>
          <colorType value="1"/>
          <mp_i_price value="900"/>
      </Item>
      <Item>
          <colorName>SIENNA_BROWN</colorName>
          <color value="0xFF3B1700"/>
          <colorType value="1"/>
          <mp_i_price value="920"/>
      </Item>
      <Item>
          <colorName>SADDLE_BROWN</colorName>
          <color value="0xFF3D3023"/>
          <colorType value="1"/>
          <mp_i_price value="830"/>
      </Item>
      <Item>
          <colorName>MOSS_BROWN</colorName>
          <color value="0xFF37382B"/>
          <colorType value="1"/>
          <mp_i_price value="860"/>
      </Item>
      <Item>
          <colorName>WOODBEECH_BROWN</colorName>
          <color value="0xFF575036"/>
          <colorType value="1"/>
          <mp_i_price value="900"/>
      </Item>
      <Item>
          <colorName>STRAW_BROWN</colorName>
          <color value="0xFF5E5343"/>
          <colorType value="1"/>
          <mp_i_price value="880"/>
      </Item>
      <Item>
          <colorName>SANDY_BROWN</colorName>
          <color value="0xFF6E6246"/>
          <colorType value="1"/>
          <mp_i_price value="870"/>
      </Item>
      <Item>
          <colorName>BLEECHED_BROWN</colorName>
          <color value="0xFB998D73"/>
          <colorType value="1"/>
          <mp_i_price value="780"/>
      </Item>
      <Item>
          <colorName>PURPLE</colorName>
          <color value="0xFF1A182E"/>
          <colorType value="1"/>
          <mp_i_price value="4500"/>
      </Item>
      <Item>
          <colorName>SPIN_PURPLE</colorName>
          <color value="0xFF161629"/>
          <colorType value="1"/>
          <mp_i_price value="11400"/>
      </Item>
      <Item>
          <colorName>MIGHT_PURPLE</colorName>
          <color value="0xFF050008"/>
          <colorType value="1"/>
          <mp_i_price value="11000"/>
      </Item>
      <Item>
          <colorName>BRIGHT_PURPLE</colorName>
          <color value="0xFF320642"/>
          <colorType value="1"/>
          <mp_i_price value="12500"/>
      </Item>
      <Item>
          <colorName>CREAM</colorName>
          <color value="0xFFCFC0A5"/>
          <colorType value="1"/>
          <mp_i_price value="780"/>
      </Item>
      <Item>
          <colorName>FROST_WHITE</colorName>
          <color value="0xFFB3B9C9"/>
          <colorType value="1"/>
          <mp_i_price value="870"/>
      </Item>
    </Group>
    <Group>
      <index value="3"/>
      <name value="MatteColoursKey"/>
      <!-- MATTE -->
      <Item>
          <colorName>BLACK</colorName>
          <color value="0xFF050505"/>
          <colorType value="2"/>
          <mp_i_price value="2200"/>
      </Item>
      <Item>
          <colorName>GREY</colorName>
          <color value="0xFF121212"/>
          <colorType value="2"/>
          <mp_i_price value="2050"/>
      </Item>
      <Item>
          <colorName>LIGHT_GREY</colorName>
          <color value="0xFF2F3233"/>
          <colorType value="2"/>
          <mp_i_price value="2000"/>
      </Item>
      <Item>
          <colorName>WHITE</colorName>
          <color value="0xFFD9D9D9"/>
          <colorType value="2"/>
          <mp_i_price value="2120"/>
      </Item>
      <Item>
          <colorName>BLUE</colorName>
          <color value="0xFF0F1E73"/>
          <colorType value="2"/>
          <mp_i_price value="14250"/>
      </Item>
      <Item>
          <colorName>DARK_BLUE</colorName>
          <color value="0xFF030E2E"/>
          <colorType value="2"/>
          <mp_i_price value="2150"/>
      </Item>
      <Item>
          <colorName>MIDNIGHT_BLUE</colorName>
          <color value="0xFF001C32"/>
          <colorType value="2"/>
          <mp_i_price value="10000"/>
      </Item>
      <Item>
          <colorName>MIGHT_PURPLE</colorName>
          <color value="0xFF050008"/>
          <colorType value="2"/>
          <mp_i_price value="13750"/>
      </Item>
      <Item>
          <colorName>PURPLE</colorName>
          <color value="0xFF320642"/>
          <colorType value="2"/>
          <mp_i_price value="17000"/>
      </Item>
      <Item>
          <colorName>RED</colorName>
          <color value="0xFF780000"/>
          <colorType value="2"/>
          <mp_i_price value="12500"/>
      </Item>
      <Item>
          <colorName>DARK_RED</colorName>
          <color value="0xFF360000"/>
          <colorType value="2"/>
          <mp_i_price value="15000"/>
      </Item>
      <Item>
          <colorName>ORANGE</colorName>
          <color value="0xFFAB3F00"/>
          <colorType value="2"/>
          <mp_i_price value="14000"/>
      </Item>
      <Item>
          <colorName>YELLOW</colorName>
          <color value="0xFFDE7E00"/>
          <colorType value="2"/>
          <mp_i_price value="11600"/>
      </Item>
      <Item>
          <colorName>GREEN</colorName>
          <color value="0xFF243022"/>
          <colorType value="2"/>
          <mp_i_price value="2130"/>
      </Item>
      <Item>
          <colorName>MATTE_FOR</colorName>
          <color value="0xFF121710"/>
          <colorType value="2"/>
          <mp_i_price value="2150"/>
      </Item>
      <Item>
          <colorName>MATTE_FOIL</colorName>
          <color value="0xFF2B302B"/>
          <colorType value="2"/>
          <mp_i_price value="2100"/>
      </Item>
      <Item>
          <colorName>MATTE_OD</colorName>
          <color value="0xFF323325"/>
          <colorType value="2"/>
          <mp_i_price value="2250"/>
      </Item>
      <Item>
          <colorName>MATTE_DIRT</colorName>
          <color value="0xFF3B352D"/>
          <colorType value="2"/>
          <mp_i_price value="2240"/>
      </Item>
      <Item>
          <colorName>MATTE_DESERT</colorName>
          <color value="0xFF706656"/>
          <colorType value="2"/>
          <mp_i_price value="2170"/>
      </Item>
    </Group>
    <Group>
      <index value="4"/>
      <name value="MetalsColoursKey"/>
      <!-- METAL -->
      <Item>
          <colorName>BR_STEEL</colorName>
          <color value="0xFF3B4045"/>
          <colorType value="3"/>
          <mp_i_price value="12500"/>
      </Item>
      <Item>
          <colorName>BR_ALUMINIUM</colorName>
          <color value="0xFF5E646B"/>
          <colorType value="3"/>
          <mp_i_price value="10250"/>
      </Item>
    </Group>
    <Group>
      <index value="5"/>
      <name value="ChromeColoursKey"/>
      <Item>
        <colorName>ChromeKey</colorName>
        <color value="0xFF808C8C" />
        <colorType value="4"/>        
      </Item>
    </Group>
    <Group>
      <index value="6"/>
      <name value="TintsKey"/>
      <Item>
        <colorName>NoneKey</colorName>
        <color value="0x00000000" />
        <price value="100" />
        <index value="0" />
        <mp_i_price value="500" />
      </Item>
      <Item>
          <colorName>LightSmokeKey</colorName>
          <color value="0x49B6B6B6" />
          <price value="200" />
          <index value="3" />
          <mp_i_price value="1500" />
      </Item>
      <Item>
          <colorName>DarkSmokeKey</colorName>
          <color value="0x96696969" />       
          <price value="450" />
          <index value="2" />
        <mp_i_price value="3500" />
      </Item>      
      <Item>
          <colorName>LimoBlackKey</colorName>
          <color value="0xC7000000" />
          <price value="700" />
          <index value="1" />
        <mp_i_price value="5000" />
      </Item>
    </Group>
    <Group>
      <index value="7"/>
      <name value="ColorsKey"/>
      <Item>
          <colorName>WhiteTyreColourKey</colorName>
          <color value="0xFFFFFFFF" />
          <price value="1000" />
          <index value="-1" />
          <mp_i_price value="1500" />
      </Item>
      <Item>
          <colorName>BlackTyreColourKey</colorName>
          <color value="0xFF141414" />
          <price value="1250" />
          <index value="1" />
        <mp_i_price value="5000" />
      </Item>      
      <Item>
          <colorName>BlueTyreColourKey</colorName>
          <color value="0xFF00AEEF" />
          <price value="1500" />
          <index value="-1" />
        <mp_i_price value="10000" />
      </Item>
      <Item>
          <colorName>YellowTyreColourKey</colorName>
          <color value="0xFFFCEE00" />
          <price value="1750" />
          <index value="-1" />
        <mp_i_price value="12500" />
      </Item>
      <Item>
          <colorName>OrangeTyreColourKey</colorName>
          <color value="0xFFFF7F00" />
          <price value="2000" />
          <index value="-1" />
        <mp_i_price value="15000" />
      </Item>      
      <Item>
          <colorName>RedTyreColourKey</colorName>
          <color value="0xFFE20606" />
          <price value="2250" />
          <index value="-1" />
        <mp_i_price value="20000" />
      </Item>
    </Group>
  </Colors>
  <Types>
    <Type>
      <Name>PrimaryColorKey</Name>
      <Group>0</Group>
      <Group>1</Group>
      <Group>2</Group>
      <Group>3</Group>
      <Group>4</Group>
      <!--Group>5</Group-->
    </Type>
    <Type>
      <Name>SecondaryColorKey</Name>
      <Group>0</Group>
      <Group>1</Group>
      <Group>2</Group>
      <Group>3</Group>
      <Group>4</Group>
      <!--Group>5</Group-->
    </Type>
    <Type>
      <Name>WindowColorKey</Name>
      <Group>6</Group>
    </Type>
    <Type>
      <Name>TireSmokeColorKey</Name>
      <Group>7</Group>
    </Type>
  </Types>
</CVehicleModelInfoVarGlobal>
