<?xml version="1.0"?>
<menu_manager>
  <menu_button>
    <icon>98448707</icon>
    <iconScale>1.0</iconScale>
    <name>hunger</name>
    <position>92,20</position>
    <smallStatusBar>535261592</smallStatusBar>
    <smallStatusBarOutline>612169129</smallStatusBarOutline>
    <largeStatusBar>668528945</largeStatusBar>
    <largeStatusBarOutline>330034494</largeStatusBarOutline>
    <smallStatusBarSegment>377077920</smallStatusBarSegment>
    <largeStatusBarSegment>1841660713</largeStatusBarSegment>
    <segmentColour>0x1E56A8</segmentColour>
    <glow>Glow_BowlFood@2x</glow>
    <audio>Food_Menu</audio>
    <statMax>100</statMax>
    <priceDisplayBackground>1404840579</priceDisplayBackground>
    <priceTextOffset>0,-10</priceTextOffset>
    <benefitDisplayBackground>512749189</benefitDisplayBackground>
    <dragArrow>2040522978</dragArrow>
    <benefitTextOffset>0,+10</benefitTextOffset>
    <menu_button_bar>
      <background>100703184</background>
      <mask>testMask</mask>
      <leftInset>225</leftInset>
      <rightInset>50</rightInset>
      <menu_bar_items>
        <menu_bar_item>
          <image>1724628272</image>
          <droppedItem>1357927444</droppedItem>
          <audio>Bowl_Placed</audio>
          <selectAudio>STEAK_SELECTION</selectAudio>
          <draggable>1</draggable>
          <digestTime>28800</digestTime>
          <happinessIncrease>35</happinessIncrease>
          <statIncrease>60</statIncrease>
          <cost>100</cost>
          <name>97</name>
          <costOffset>-30,-50</costOffset>
          <benefitOffset>40,50</benefitOffset>
          <showBenefit>1</showBenefit>
          <droppedShadowItem>2043917776</droppedShadowItem>
        </menu_bar_item>
        <menu_bar_item>
          <image>1097106071</image>
          <droppedItem>606525615</droppedItem>
          <audio>Bowl_Placed</audio>
          <selectAudio>CHICKEN_SELECTION</selectAudio>
          <draggable>1</draggable>
          <digestTime>25200</digestTime>
          <happinessIncrease>30</happinessIncrease>
          <statIncrease>40</statIncrease>
          <cost>80</cost>
          <name>105</name>
          <costOffset>-30,-50</costOffset>
          <benefitOffset>40,50</benefitOffset>
          <showBenefit>1</showBenefit>
          <droppedShadowItem>2043917776</droppedShadowItem>
        </menu_bar_item>
        <menu_bar_item>
          <image>771432723</image>
          <droppedItem>561860959</droppedItem>
          <audio>Bowl_Placed</audio>
          <selectAudio>DOUGHNUT_SELECT</selectAudio>
          <draggable>1</draggable>
          <digestTime>18000</digestTime>
          <happinessIncrease>30</happinessIncrease>
          <statIncrease>30</statIncrease>
          <cost>60</cost>
          <name>113</name>
          <costOffset>-30,-50</costOffset>
          <benefitOffset>40,50</benefitOffset>
          <showBenefit>1</showBenefit>
          <droppedShadowItem>2043917776</droppedShadowItem>
        </menu_bar_item>
        <menu_bar_item>
          <image>1074210088</image>
          <droppedItem>412564261</droppedItem>
          <audio>Bowl_Placed</audio>
          <selectAudio>DUSTO_SELECT</selectAudio>
          <draggable>1</draggable>
          <digestTime>10800</digestTime>
          <happinessIncrease>25</happinessIncrease>
          <statIncrease>20</statIncrease>
          <cost>40</cost>
          <name>121</name>
          <costOffset>-30,-50</costOffset>
          <benefitOffset>40,50</benefitOffset>
          <showBenefit>1</showBenefit>
          <droppedShadowItem>2043917776</droppedShadowItem>
        </menu_bar_item>
        <menu_bar_item>
          <image>800386687</image>
          <droppedItem>1555577208</droppedItem>
          <audio>Bowl_Placed</audio>
          <selectAudio>MEATY_BOY</selectAudio>
          <draggable>1</draggable>
          <digestTime>7200</digestTime>
          <!--7200-->
          <happinessIncrease>20</happinessIncrease>
          <statIncrease>10</statIncrease>
          <cost>20</cost>
          <name>129</name>
          <costOffset>-30,-50</costOffset>
          <benefitOffset>40,50</benefitOffset>
          <showBenefit>1</showBenefit>
          <droppedShadowItem>2043917776</droppedShadowItem>
        </menu_bar_item>
      </menu_bar_items>
    </menu_button_bar>
  </menu_button>
  <menu_button>
    <icon>1344373274</icon>
    <iconScale>1.0</iconScale>
    <name>drink</name>
    <position>92,37</position>
    <smallStatusBar>535261592</smallStatusBar>
    <smallStatusBarOutline>612169129</smallStatusBarOutline>
    <largeStatusBar>668528945</largeStatusBar>
    <largeStatusBarOutline>330034494</largeStatusBarOutline>
    <smallStatusBarSegment>377077920</smallStatusBarSegment>
    <largeStatusBarSegment>1841660713</largeStatusBarSegment>
    <segmentColour>0xCC331E</segmentColour>
    <glow>Glow_BowlDrink@2x</glow>
    <audio>Drink_Menu</audio>
    <priceDisplayBackground>1404840579</priceDisplayBackground>
    <priceTextOffset>0,-10</priceTextOffset>
    <benefitDisplayBackground>512749189</benefitDisplayBackground>
    <benefitTextOffset>0,+10</benefitTextOffset>
    <dragArrow>2040522978</dragArrow>
    <statMax>100</statMax>
    <menu_button_bar>
      <background>100703184</background>
      <mask>testMask</mask>
      <leftInset>225</leftInset>
      <rightInset>50</rightInset>
      <menu_bar_items>
        <menu_bar_item>
          <image>33750745</image>
          <droppedItem>1563532667</droppedItem>
          <audio>Bowl_Placed</audio>
          <selectAudio>WATER_SELECT</selectAudio>
          <draggable>1</draggable>
          <happinessIncrease>40</happinessIncrease>
          <statIncrease>100</statIncrease>
          <cost>80</cost>
          <name>137</name>
          <costOffset>-30,-50</costOffset>
          <benefitOffset>30,50</benefitOffset>
          <showBenefit>1</showBenefit>
          <droppedShadowItem>2043917776</droppedShadowItem>
        </menu_bar_item>
        <menu_bar_item>
          <image>1600584279</image>
          <droppedItem>1078827735</droppedItem>
          <audio>Bowl_Placed</audio>
          <selectAudio>BEER_SELECT</selectAudio>
          <draggable>1</draggable>
          <happinessIncrease>10</happinessIncrease>
          <statIncrease>10</statIncrease>
          <cost>50</cost>
          <animation_action>89</animation_action>
          <alcoholic>1</alcoholic>
          <name>145</name>
          <costOffset>-30,-50</costOffset>
          <benefitOffset>30,50</benefitOffset>
          <showBenefit>1</showBenefit>
          <droppedShadowItem>2043917776</droppedShadowItem>
        </menu_bar_item>
        <menu_bar_item>
          <image>812024591</image>
          <droppedItem>1333051901</droppedItem>
          <audio>Bowl_Placed</audio>
          <selectAudio>SPRUNK_SELECT</selectAudio>
          <draggable>1</draggable>
          <happinessIncrease>15</happinessIncrease>
          <statIncrease>50</statIncrease>
          <cost>60</cost>
          <animation_action>64</animation_action>
          <name>153</name>
          <costOffset>-30,-50</costOffset>
          <benefitOffset>30,50</benefitOffset>
          <showBenefit>1</showBenefit>
          <droppedShadowItem>2043917776</droppedShadowItem>
        </menu_bar_item>
        <menu_bar_item>
          <image>872285216</image>
          <droppedItem>1144085818</droppedItem>
          <audio>Bowl_Placed</audio>
          <selectAudio>SPRUNK_SELECT</selectAudio>
          <draggable>1</draggable>
          <happinessIncrease>15</happinessIncrease>
          <statIncrease>30</statIncrease>
          <cost>40</cost>
          <name>161</name>
          <costOffset>-30,-50</costOffset>
          <benefitOffset>30,50</benefitOffset>
          <showBenefit>1</showBenefit>
          <droppedShadowItem>2043917776</droppedShadowItem>
        </menu_bar_item>
        <menu_bar_item>
          <image>1496968921</image>
          <droppedItem>499690297</droppedItem>
          <audio>Bowl_Placed</audio>
          <selectAudio>WATER_SELECT</selectAudio>
          <draggable>1</draggable>
          <happinessIncrease>20</happinessIncrease>
          <statIncrease>15</statIncrease>
          <cost>20</cost>
          <name>169</name>
          <costOffset>-30,-50</costOffset>
          <benefitOffset>30,50</benefitOffset>
          <showBenefit>1</showBenefit>
          <droppedShadowItem>2043917776</droppedShadowItem>
        </menu_bar_item>
      </menu_bar_items>
    </menu_button_bar>
  </menu_button>
  <menu_button>
    <icon>1236567478</icon>
    <iconScale>1.0</iconScale>
    <name>walk</name>
    <position>92,55</position>
    <smallStatusBar>535261592</smallStatusBar>
    <smallStatusBarOutline>612169129</smallStatusBarOutline>
    <largeStatusBar>668528945</largeStatusBar>
    <largeStatusBarOutline>330034494</largeStatusBarOutline>
    <smallStatusBarSegment>377077920</smallStatusBarSegment>
    <largeStatusBarSegment>1841660713</largeStatusBarSegment>
    <segmentColour>0x00597D</segmentColour>
    <glow>Glow_Walk@2x</glow>
    <audio>Walkies_Menu</audio>
    <priceTextOffset>0,-10</priceTextOffset>
    <benefitDisplayBackground>512749189</benefitDisplayBackground>
    <statMax>100</statMax>
    <menu_button_bar>
      <background>100703184</background>
      <mask>testMask</mask>
      <leftInset>225</leftInset>
      <rightInset>50</rightInset>
      <menu_bar_items>
        <menu_bar_item>
          <image>1949700060</image>
          <draggable>0</draggable>
          <selectAudio>WALKIES_SELECT</selectAudio>
          <happinessIncrease>0</happinessIncrease>
          <statIncrease>0</statIncrease>
          <name>10</name>
          <costOffset>-30,-50</costOffset>
          <benefitOffset>30,50</benefitOffset>
          <showBenefit>FALSE</showBenefit>
          <statusBarOutline>612169129</statusBarOutline>
        </menu_bar_item>
        <menu_bar_item>
          <image>1201075198</image>
          <draggable>0</draggable>
          <selectAudio>WALKIES_SELECT</selectAudio>
          <happinessIncrease>0</happinessIncrease>
          <statIncrease>0</statIncrease>
          <name>11</name>
          <costOffset>-30,-50</costOffset>
          <benefitOffset>30,50</benefitOffset>
          <showBenefit>FALSE</showBenefit>
          <statusBarOutline>612169129</statusBarOutline>
        </menu_bar_item>
        <menu_bar_item>
          <image>700394936</image>
          <draggable>0</draggable>
          <selectAudio>WALKIES_SELECT</selectAudio>
          <happinessIncrease>0</happinessIncrease>
          <statIncrease>0</statIncrease>
          <name>12</name>
          <costOffset>-30,-50</costOffset>
          <benefitOffset>30,50</benefitOffset>
          <showBenefit>FALSE</showBenefit>
          <statusBarOutline>612169129</statusBarOutline>
        </menu_bar_item>
      </menu_bar_items>
    </menu_button_bar>
  </menu_button>
  <menu_button>
    <icon>1836763233</icon>
    <iconScale>1.0</iconScale>
    <name>collars</name>
    <position>92,72</position>
    <smallStatusBar>535261592</smallStatusBar>
    <smallStatusBarOutline>612169129</smallStatusBarOutline>
    <largeStatusBar>668528945</largeStatusBar>
    <largeStatusBarOutline>330034494</largeStatusBarOutline>
    <smallStatusBarSegment>377077920</smallStatusBarSegment>
    <largeStatusBarSegment>1841660713</largeStatusBarSegment>
    <segmentColour>0xAF56A8</segmentColour>
    <glow>Glow_Present@2x</glow>
    <audio>Collar_Menu</audio>
    <priceDisplayBackground>1404840579</priceDisplayBackground>
    <priceTextOffset>0,-10</priceTextOffset>
    <benefitDisplayBackground>512749189</benefitDisplayBackground>
    <benefitTextOffset>0,+10</benefitTextOffset>
    <statMax>6</statMax>
    <menu_button_bar>
      <background>100703184</background>
      <mask>testMask</mask>
      <leftInset>225</leftInset>
      <rightInset>50</rightInset>
      <menu_bar_items>
        <menu_bar_item>
          <image>1479944238</image>
          <draggable>0</draggable>
          <selectAudio>Collar_Wear</selectAudio>
          <happinessIncrease>10</happinessIncrease>
          <statIncrease>1</statIncrease>
          <cost>0</cost>
          <name>5</name>
          <costOffset>-30,-50</costOffset>
          <benefitOffset>30,50</benefitOffset>
          <showBenefit>FALSE</showBenefit>
        </menu_bar_item>
        <menu_bar_item>
          <image>1479813166</image>
          <draggable>0</draggable>
          <selectAudio>Collar_Wear</selectAudio>
          <happinessIncrease>10</happinessIncrease>
          <statIncrease>1</statIncrease>
          <cost>200</cost>
          <name>4</name>
          <costOffset>-30,-50</costOffset>
          <benefitOffset>30,50</benefitOffset>
          <showBenefit>FALSE</showBenefit>
        </menu_bar_item>
        <menu_bar_item>
          <image>1479616558</image>
          <draggable>0</draggable>
          <selectAudio>Collar_Wear</selectAudio>
          <happinessIncrease>10</happinessIncrease>
          <statIncrease>1</statIncrease>
          <cost>160</cost>
          <name>3</name>
          <costOffset>-30,-50</costOffset>
          <benefitOffset>30,50</benefitOffset>
          <showBenefit>FALSE</showBenefit>
        </menu_bar_item>
        <menu_bar_item>
          <image>1479551022</image>
          <draggable>0</draggable>
          <selectAudio>Collar_Wear</selectAudio>
          <happinessIncrease>10</happinessIncrease>
          <statIncrease>1</statIncrease>
          <cost>140</cost>
          <name>2</name>
          <costOffset>-30,-50</costOffset>
          <benefitOffset>30,50</benefitOffset>
          <showBenefit>FALSE</showBenefit>
        </menu_bar_item>
        <menu_bar_item>
          <image>1479747630</image>
          <draggable>FALSE</draggable>
          <selectAudio>Collar_Wear</selectAudio>
          <happinessIncrease>10</happinessIncrease>
          <statIncrease>1</statIncrease>
          <cost>120</cost>
          <name>1</name>
          <costOffset>-30,-50</costOffset>
          <benefitOffset>30,50</benefitOffset>
          <showBenefit>FALSE</showBenefit>
        </menu_bar_item>
        <menu_bar_item>
          <image>1480009774</image>
          <draggable>0</draggable>
          <selectAudio>Collar_Wear</selectAudio>
          <happinessIncrease>10</happinessIncrease>
          <statIncrease>1</statIncrease>
          <cost>0</cost>
          <name>0</name>
          <costOffset>-30,-50</costOffset>
          <benefitOffset>30,50</benefitOffset>
          <showBenefit>FALSE</showBenefit>
        </menu_bar_item>
      </menu_bar_items>
    </menu_button_bar>
  </menu_button>
  <menu_button>
    <icon>408544130</icon>
    <iconScale>0.8</iconScale>
    <name>training</name>
    <position>92,89</position>
    <smallStatusBar>535261592</smallStatusBar>
    <smallStatusBarOutline>612169129</smallStatusBarOutline>
    <largeStatusBar>668528945</largeStatusBar>
    <largeStatusBarOutline>330034494</largeStatusBarOutline>
    <smallStatusBarSegment>377077920</smallStatusBarSegment>
    <largeStatusBarSegment>1841660713</largeStatusBarSegment>
    <segmentColour>0x7C4C1E</segmentColour>
    <glow>Glow_Training@2x</glow>
    <audio>Train_Menu</audio>
    <priceDisplayBackground>1404840579</priceDisplayBackground>
    <priceTextOffset>0,-10</priceTextOffset>
    <benefitDisplayBackground>512749189</benefitDisplayBackground>
    <benefitTextOffset>0,+10</benefitTextOffset>
    <statMax>100</statMax>
    <menu_button_bar>
      <background>100703184</background>
      <mask>testMask</mask>
      <leftInset>225</leftInset>
      <rightInset>50</rightInset>
      <menu_bar_items>
        <menu_bar_item>
          <image>1794665564</image>
          <draggable>0</draggable>
          <selectAudio>BEG_SELECT</selectAudio>
          <happinessIncrease>10</happinessIncrease>
          <statIncrease>1</statIncrease>
          <cost>80</cost>
          <name>19</name>
          <costOffset>-30,-50</costOffset>
          <benefitOffset>40,50</benefitOffset>
          <showBenefit>FALSE</showBenefit>
          <statusBar>146</statusBar>
          <statusBarOutline>612169129</statusBarOutline>
        </menu_bar_item>
        <menu_bar_item>
          <image>1647416232</image>
          <draggable>0</draggable>
          <selectAudio>PAW_SELECT</selectAudio>
          <happinessIncrease>10</happinessIncrease>
          <statIncrease>1</statIncrease>
          <cost>40</cost>
          <name>20</name>
          <costOffset>-30,-50</costOffset>
          <benefitOffset>40,50</benefitOffset>
          <showBenefit>FALSE</showBenefit>
          <statusBar>146</statusBar>
          <statusBarOutline>612169129</statusBarOutline>
        </menu_bar_item>
        <menu_bar_item>
          <image>691170384</image>
          <draggable>0</draggable>
          <selectAudio>SIT_SELECT</selectAudio>
          <happinessIncrease>10</happinessIncrease>
          <statIncrease>1</statIncrease>
          <cost>20</cost>
          <name>21</name>
          <costOffset>-30,-50</costOffset>
          <benefitOffset>40,50</benefitOffset>
          <showBenefit>FALSE</showBenefit>
          <statusBar>146</statusBar>
          <statusBarOutline>612169129</statusBarOutline>
        </menu_bar_item>
      </menu_bar_items>
    </menu_button_bar>
  </menu_button>
  <menu_button>
    <!--<icon>icons\Glow_Scoop.png</icon>-->
    <animatedIcon>91</animatedIcon>
    <iconScale>0.8</iconScale>
    <name>cleanliness</name>
    <position>15,20</position>
    <smallStatusBar>535261592</smallStatusBar>
    <smallStatusBarOutline>612169129</smallStatusBarOutline>
    <largeStatusBar>1121547653</largeStatusBar>
    <largeStatusBarOutline>330034494</largeStatusBarOutline>
    <smallStatusBarSegment>377077920</smallStatusBarSegment>
    <largeStatusBarSegment>1841660713</largeStatusBarSegment>
    <segmentColour>0xDD8903</segmentColour>
    <glow>Glow_Scoop@2x</glow>
    <statMax>4</statMax>
    <audio>Bag_Select</audio>
    <initiallyHidden>TRUE</initiallyHidden>
  </menu_button>
</menu_manager>